Topic 1	Topic 2	Topic 3	Topic 4	Topic 5	Topic 6	Topic 7	Topic 8	Topic 9	Topic 10	Topic 11	Topic 12	Topic 13	Topic 14	Topic 15	Topic 16	Topic 17	Topic 18	Topic 19	Topic 20	Topic 21	Topic 22	Topic 23	Topic 24	Topic 25	Topic 26	Topic 27	Topic 28	Topic 29	Topic 30	Topic 31	Topic 32	Topic 33	Topic 34	Topic 35	Topic 36	Topic 37	Topic 38	Topic 39	Topic 40	Topic 41	Topic 42	Topic 43	Topic 44	Topic 45	Topic 46	Topic 47	Topic 48	Topic 49	Topic 50	Topic 51	Topic 52	Topic 53	Topic 54	Topic 55	Topic 56	Topic 57	Topic 58	Topic 59	Topic 60	Topic 61	Topic 62	Topic 63	Topic 64	Topic 65	Topic 66	Topic 67	Topic 68	Topic 69	Topic 70	Topic 71	Topic 72	Topic 73	Topic 74	Topic 75	Topic 76	Topic 77	Topic 78	Topic 79	Topic 80	Topic 81	Topic 82	Topic 83	Topic 84	Topic 85	Topic 86	Topic 87	Topic 88	Topic 89	Topic 90	Topic 91	Topic 92	Topic 93	Topic 94	Topic 95	Topic 96	Topic 97	Topic 98	Topic 99	Topic 100	Topic 101	Topic 102	Topic 103	Topic 104	Topic 105	Topic 106	Topic 107	Topic 108	Topic 109	Topic 110	Topic 111	Topic 112	Topic 113	Topic 114	Topic 115	Topic 116	Topic 117	Topic 118	Topic 119	Topic 120	Topic 121	Topic 122	Topic 123	Topic 124	Topic 125	Topic 126	Topic 127	Topic 128	Topic 129	Topic 130	Topic 131	Topic 132	Topic 133	Topic 134	Topic 135	Topic 136	Topic 137	Topic 138	Topic 139	Topic 140	Topic 141	Topic 142	Topic 143	Topic 144	Topic 145	Topic 146	Topic 147	Topic 148	Topic 149	Topic 150	Topic 151	Topic 152	Topic 153	Topic 154	Topic 155	Topic 156	Topic 157	Topic 158	Topic 159	Topic 160	Topic 161	Topic 162	Topic 163	Topic 164	Topic 165	Topic 166	Topic 167	Topic 168	Topic 169	Topic 170	Topic 171	Topic 172	Topic 173	Topic 174
MT-ATP8	A2M	KRT14	IGFBP2	FABP4	PCSK9	HBB	SCGB3A2	CRABP2	ADH1B	CCT6A	IL37	AKR1C3	SERPINB1	MLPH	SELENBP1	CAPS	RBP2	SPP1	SPINK1	HTR3A	TMSB15A	HIST1H2BG	SUSD2	S100A9	SLPI	HIST1H4D	GABRA3	LAMP3	CA9	GPX3	WFDC2	TESC	FGL1	HLA-DRB1	KRT7	MT2A	CPLX2	ZIC1	NPFFR2	NTRK2	IGLL5	KIF1A	BEX1	APOL1	TSPAN8	ADH7	CRISP3	VIPR1	COL10A1	CGA	AKR1B10	AGER	AGR2	NAPSA	APOA2	RNASE1	PERP	DSC3	HIST2H2AA4	CRABP1	MT-ND6	C20orf85	USH1C	DNAJC12	AQP1	ANXA8L2	ALDH1A1	GPX2	CXCL2	S100A2	SGK1	EFCAB1	CLDN18	SLC51B	DIRAS2	RHOB	SCGB3A1	C4BPA	FOXA2	GAPDH	MMP1	SOSTDC1	FGG	S100A12	FGB	HNF1B	ETNPPL	C1orf194	TFF3	C19orf59	KLK6	FABP6	COL7A1	CALCA	ATP10B	TP53AIP1	MAGEA9	GSTA2	SOX2	MUC21	MMP11	PRAME	SLC6A8	TENM2	KRT17	SPRR2A	MUC5B	BPIFB2	MUC13	RP11-169F17.1	MS4A1	ITLN2	DSG3	GSTA1	PPP1R14D	SCGB1A1	KRT5	ZIC2	FOXE1	CPB2	CSTA	CACNA1A	SFTPC	CALML3	CALML5	SLC1A7	SERPINB5	LCE3D	TAGLN3	RGS1	MARCO	CCNA1	PRR15	EPS8L3	TGM3	UGT1A6	PTCHD2	MMP10	MAGEA2	CRCT1	MAGEA6	CSF3	FAM83A	CT45A3	CT45A5	MAGEA4	TAC1	DLX5	HEPACAM2	DPYSL5	ECEL1	ERN2	SERPINB3	SPRR1B	MUC16	GPR87	KCNH6	HIST1H2BJ	HIST1H2BH	MSMB	KLK11	KLK12	KRT6A	LGI3	MAGEA3	WFDC5	NELL1	NR0B1	NXF2	TFF2	SPANXC	XAGE1D	XAGE1B
MT-ND2	MYADM	KRT6B	TFRC	UPK3B	AADAC	HBA2	SFTPD	CTHRC1	TMEM100	IGFBP3	CASR	AKR1C1	CFB	MSLN	FBP1	C9orf116	CD300LG	SLC2A1	GCNT3	CXorf61	PENK	HIST1H2AE	NDNF	S100A8	EMP2	HIST1H4C	HOXD11	ALPL	COL11A1	DUSP1	LCN2	TFPI2	ACMSD	HLA-DPB1	CEACAM6	ZFP36	SCG3	PAGE2B	PAGE5	ADAM23	GOLM1	HOXB8	TKTL1	SERPINE1	LGALS4	UGT1A7	ANXA13	PCOLCE2	B3GNT3	F2	KLK8	HBA1	S100P	SLC34A2	PRL	SERPINA1	ITGB4	UPK1B	POSTN	CHGB	MT-ND5	CAPSL	AKR1C4	VIL1	CD52	ANXA8	CRYAB	ALDH3A1	C1orf116	KRT15	GJA1	ALOX15	GKN2	FXYD4	STXBP5L	C8orf4	BPIFB1	PGC	CRYM	MT1X	GJB2	ANXA8L1	FGA	S100A3	APOC3	CHIA	LCN15	MS4A8	SLC44A4	RETN	IL36RN	MIA	LYPD3	ASCL1	CST4	ATP12A	SOHLH1	SLC14A2	PNCK	B3GNT6	GREM1	GNG4	PVRL1	LY6G6C	TRIM29	CLCA2	BPIFA1	SPAG11B	TFF1	BRDT	FDCSP	SLC6A4	SERPINB13	C11orf53	TRPM8	C9orf24	KRT13	DLX6	RAET1L	NR0B2	CLDN1	STMN2	CYP4B1	DKK4	PADI3	TMPRSS6	GJB5	DSG1	CDH22	IL2RG	OLR1	CLDN8	PSCA	CDHR5	CHGA	UGT1A1	FGF20	NXPH4	MAGEA2B	FAM25A	CSAG1	DEFA1	CST1	CT45A1	SSX4B	MAGEA1	DEFA5	RP11-553A10.1	SLC38A8	LHX8	PAX7	MUC5AC	SERPINB4	SPRR2D	GLB1L3	HMGA2	SYT4	HIST1H3H	HIST1H3G	MUC2	KLK10	KLK14	KRT16	WFDC12		QRFPR	NEFM		NXF2B	SERPINA4	SPANXB2	XAGE1A	XAGE1C
S100A6	KANK2	SPRR1A	FSCN1	BTNL9	DACT2	MFAP4	ABCA3	TUBB3	FAM107A	NQO1	ABCC12	AKR1C2	ERRFI1	STEAP4	TMEM125	CCDC78	AGRP	UBE2C	MUC3A	CLPSL2	SNAP25	HIST1H3D	TNNC1	LAMC2	CES1	HIST1H3J	GABRR1	PRODH	STRA6	PTGDS	PDZK1IP1	ACHE	IGFBP1	C1QB	SMIM22	EMP1	KCNJ3	PNMA5	CDH18	COL4A6	CP	COL2A1	PLP1	TNC	CA8	SOST	SERPINA6	MME	EEF1A2	ANGPTL3	AKR1B15	CLEC3B	CRLF1	SFTA2	FABP1	HOPX	HMGB3	GDA	PLAU	PDIA2	HLA-DRA	MORN5	KRT20	TMEM59L	HLA-DRB5	AL603965.1	GPC3	CYP4F11	ALDH3B1	TMPRSS4	LAMA3	CHST9	CA4	AMBP	GABRA5	C4A	PIFO	PEBP4	C9orf152	HSPA1B	COL17A1	FGFBP2	ORM2	APOBEC3A	CFHR2	APOH	SOX14	SNTN	CAPN13	CCL23	PADI1	GABRP	PTHLH	SST	CLPSL1	SERPINA11	SLC1A6	PCK1	SOX21	BPIFA2	FGF11	BARX1	CXCL14	CALB1	PI3	SPRR2E	SPDEF		CDH17		SPIB	MYOC	CERS3		C11orf86	DYNLRB2	TP63	GNGT1	IGFL1	DPCR1	CYP2S1	TPH1	CACNA2D2	TEX101	SLC5A12	SLC6A3	GBP6	CARD18	CCKBR	IFI44	CHI3L2	SPOCK3	TNNI3	CIDEC	HBE1	CHP2	CHRNA6	MMP3	CTAG1A	FETUB	CTAG2	FOLR3	CYP24A1		PDCL2	SSX2B	DEFA6	FABP7	INSM1	KCNJ4	IL17REL		SERPINB7	GJB6		SLCO1B3	GUCA2B	HIST2H2AC	HIST1H2AL	HTR3B	KLK13	KRT40	LY6D			STATH	SP7			UGT2A3	SPANXB1	XAGE1E	
LAMP1	DPYSL2	SPRR3	NDUFA4L2	WIF1	ASPG	TPPP3	TMPRSS2	ETV4	CLIC5	CCT2	EIF4E1B	SRXN1	SRD5A3	PRR15L	LIMCH1	FAM183A	CTB-186H2.3	TOP2A	PCP4	AC011298.1	DLGAP1	HIST1H2AM	ATOH8	SERPINA3	CAV1	HIST1H1B	GABRQ	MFSD2A	IGFL2	RGCC	TSPAN1	AGT	SPINK4	LAPTM5	ACSL5	LTBP4	LMX1A	SCGB1D2	DSCR8	DMRT2	MZB1	TDRD12	NPY	CCDC80	DDC	UGT1A4	CRP	STXBP6	MYEOV	DMRTC2	AFP	FCN3	CEACAM5	FOLR1	CELA3A	LPCAT1	EIF4EBP1	AHSG	SFRP2	MYCN	C3	DNAI1	KNG1	CPS1	ALOX5AP		TSPAN7	CYP4F3	SCEL	CBLC	ITGA6	C1orf110	HHIP	HMGCS2	ALX4	C4B	ZMYND10	AQP4	NME5	GPNMB	TNS4	TNNT3	C4BPB	HCAR3	HAO1	MYBPHL	KCNC2	LDLRAD1	AQP5	MRC1	CDSN	MT3	ARTN	CELF3	KRTAP2-3	GMNC	DLX2	TTR	CNTNAP2	SPINK13	B4GALNT4	PITX2	RAPGEFL1	MAFA	PKP1	BNC1	HGD		CHRNA9		PLA2G2D	GFI1B	C10orf99		SPP2	CCDC17	DAPL1	HOXB13	ISM2	C8B	FGFR3	CABP7	CRTAC1		IRX4	CALY	FAT2	LCE1C	KCNA1	UBD	MRC1L1	LRRTM1	DNER	MUC6	COX8C	UGT1A8	POU3F2	KREMEN2	GAGE12I	GAST	MAGEA12	PF4	MMP13		TCL1B		TNP1	MROH2A	TRPM5	NKX2-2	KRT83		UGT1A10	IVL			SERPINA10	HIST1H1E	HIST1H2AJ		KLK7		SLC13A5			MUC7					SPANXD		
FASN	AOC3	S100A7	GSTM2	MGAT3	SULT1E1	FHL1	NRGN	PODXL2	MS4A15	CBR1		TRIM16L	ABCC3	RAB17	GPR116	C1orf192	CHRNA2	RRM2	VSIG1		LGR5	HIST1H2AI	VSIG2	IL8	PTRF	HIST1H4B	MAGEA10	PLLP	TMPRSS11E	EFEMP1	GDF15	ZNF486	APOA4	FCER1G	RASD1	ID1	ZDHHC22	MAGEA8	SSX1	MRAP2	DERL3	UPK1A	LECT1	TINAGL1	CAPN6		CYP3A4	TGFBR3	BARX2	UGT2B11	HRG	FOSB	ST6GALNAC1	SFTA3	UNC5D	GPRC5A	PFN2	KRTAP21-2	THY1	SYT13	APOC1	TEKT1	GC	AOC1	TREM1		FEZ1	F2RL2	MMP28	RHOV	EFNB1		GPIHBP1	UGT2B4	ZIC3	PER1	RSPH1	DMBT1	SMIM6	FABP5	TFAP2A	TSLP	IYD	TGM1		TMEM213	AQP12A	SPAG6	FOXJ1	PPBP	ARHGAP36	STAC2	TMEM158	INSL6	FUT9	CTD-2105E13.6	TLX1	GP2	CYP26A1		CABYR	HOXC10	MAGED4B	MYL7	LGALS7B	TMPRSS11D			BPIFB4		CR2	EDN3	TMPRSS11A		NKAIN3	FAM166B	LGALS7	METTL11B	SLC9A4		GABRE	MAEL	ZNF385B		KRT75	TAC4	CAPNS2	KRT77	CLDN19	CCL19	OSCAR		HIST3H2BB	CLRN3			CNTN2	COX6B2	COX7B2	SPRR4	PAGE2	DEFA3	LST3		GBX1		VSTM2A	VCX3B	NLRP11	OTOG	KCNQ2		FER1L6	IL36G			LDHAL6A	HIST1H2AK	HIST1H3B		RDH12		SLC9A3										
DNAJB1	PAPSS2	RHCG	GSTM3	FAM150B	DUOXA2	C7	HSD17B6	GPT2	MAMDC2	TXNRD1		OSGIN1	CPD	HPN	HPGD	CDHR3	AC003102.1	CDC20	PAEP		RBFOX3	HIST1H2BO	FAM189A2	CXCL1	EGR1	HIST2H2AB	DEFB126	DUOX1	GAL	NR4A1	MMP7	ADRA2A		TSC22D3	CLDN3	BTG2	ACTL6B	GRIA2	ADAM18	FLG	RAMP1	ADAMTS18	SEZ6	VCAN	ALDOB		REG3A	SVEP1	ITPKA	ZG16	IAPP	INMT	MUC4	AGR3	AGXT	LMO7	LAD1		COL5A1	PCSK1	LYZ	WDR38		GFRA3	SLC39A8		OLFM1		CST6	CKMT1B	ST6GALNAC2		ANKRD1	ITIH2	FGF3	FAM107B	OMG	ROS1	GJB1	TNFAIP2	PITX1	HSPB3	CYP2B6	IL1A			AQP12B	ENKUR	PROM1	MAP1LC3C		ART3	IL20RB	LRRTM3	CGB		ATP4A	NOL4	CNTN5		CGREF1	HOXC13	EPHB3	LRRC38	BMP7	SPRR2F			FAM9B		SEPT1	HBG1	KRT31			TMEM190	HAP1	PYDC1	LHX5		SNAI2	GALNT9	SYT15		C6orf15	IFITM5	SLC6A15	KPRP	PMP2	CXCL10	FCN1		CDHR2	PHGR1			RP11-1220K2.2	PRB3	CTAG1B	LCE3E	MAGEB2	DEFA4					NDST4	KRTAP3-1	NLRP4	POU3F3	FAM163A						SCGB1C1	HIST2H3C	HIST1H2AH														
ISG15	CADM1	SBSN	GPC1	ACADL	MATN4	CLDN5	ALOX15B	CXCL13	TCF21	ODC1		ABCC2	LDOC1	AZGP1	ARRB1	LRRC48	MYH1	KIAA0101	TRIM31		PEX5L	HIST1H4E	VEPH1	TMEM45A	CAV2	HIST1H2AB	GABRG2	DUOXA1	AL353354.2	ADIRF	IRX3	BHMT2		TGM2	TMC5	GAS6	FEV	PAGE4			MUC20	LYG2	SEZ6L	GBP1	MTTP		SBK2	RTKN2	SYT12	CA5A		CCL14	FUT3	C16orf89	AL590714.1	MALL	ERO1L		MFAP2	CAMK2B	IGJ	CDHR4		SMOC1	VSIG4		NRN1		C2orf54	FERMT1	PHLDB2		GDF10	ALPPL2		APOD	C5orf49	SCTR	HABP2	TNFSF10	GJB3	KRT1	CREB3L3	ARG1			HRH3	RSPH4A	PLEKHS1	CAMP		FAM151A	CCL26	HMGB4			OTX2	SCGN	B3GALT5		NMU	HOXB9	CDKN2A	PAX3	VSNL1	SPRR2G					MYBPC1	SLC4A1	FAM83C			ROPN1L	C12orf54	C21orf37	C3orf72		HAS3	DLK1	RASGRF1		CASP14	CTNNA2	GLYATL2	LCE1F	RALYL	IDO1	MT1M		SLC5A5	REG4			SYT6	KRT36	GAGE2D	IL36B	MAGEC2						UMOD	VCX	RETNLB	PAX2								HIST1H4K	HIST1H3F														
SEC11C	MSR1	KRT6C	ADM	ADRB1	CSN1S1	SPOCK2	ATP13A4	SYT7	FIGF	SLC9A3R1		SLC38A11	FAM84B	PPP1R1B	SYNE1	C17orf72	C21orf62	PSAT1	FAM177B		NSG2	HIST1H2BF	TMEM139	SAA1	LDLR	HIST1H4A	OFCC1	KCNJ15	PTPRN	TPSAB1	FOXA1	TNNC2		CTSS	PON3	PPP1R15A	CHRND	CXorf67			MROH6	FAM159B	CRB2	FGFR1	SLC3A1		NPHS2	C14orf132	KRT81	APCS		DLC1	REEP6	PIGR	GCG	C2	UPK3BL		SULF1	PRAP1	IFI6	ZBBX		AKR7A3	ALOX5		PTN		COBL	CNFN	HEY1		GPM6A	C8A		RHOU	UBXN10	PLA2G1B	CLDN2	IGFBP5	TCN1	SH3GL3	APOB	ADIPOQ			SERPINA7	VWA3B	BCAS1	AZU1		FOXI1	PI15				POTEF	ATP4B	NXPH2		RASAL1	DLL3	WDR66	TRIML2	TMEM40	RNASE7					NDP	ZNF536	S100A7A			C11orf88	STAR	RP1-170O19.20	SLC18A3		PPP1R14C	H2AFB3	CFTR		GDPD2	MYH7	NPPC	LCE2C	MT4	LTF	SPN		VSIG8	TM4SF5			PDC	CLEC3A	GAGE1	DEFB103A	MAGEC1							SALL1	RAX	PRAC1								TMEM14E	HIST1H2BM														
IER3	LHFP	KRTDAP	RBP1	SLC19A3		RAMP3	LRRK2	WFDC3	ABCA8	PTGR1		REG1A	PITPNC1	DPP4	TSPAN12	SPATA18	DPRX	FOXM1	KISS1		GABRA2	HIST1H1D	SULT1A2	IL1RN	NPNT	HIST1H2BB	AC091801.1	C5orf38	IBSP	TGFBR2	LRG1	FXYD2		HLA-DMA	MISP	RGS2	ST8SIA3	MARCH11			CD79A	STMN4	TRH	PDPN	SERPINC1			FAM46B	HHIPL2	CPN1		PDK4	FA2H	CTSE	G6PC	MBIP	DSP		FHL2	PAH	FOS	FAM216B		PROC	CYP27A1		TBX3		GRAMD2	ALG1L	FGFR2		ITLN1	APOA5		RFTN1	FAM81B	LRRN4	TM4SF4	DMKN	NCCRP1	EPGN						RIIAD1	CHAD	AREGB		H2AFB1	TRPA1				PAQR9	C1orf64			CARD14	INA	TNFRSF18	EMX2	PTPRZ1	CLCA4					SLC12A3	BTNL3	KRT34			WDR96	SPINK7				FGFBP1	CBLN1	PCSK2		IGFL3	UNC13C	CYP2W1	LCE2B		SNCG	PRAM1			REG1B			BTN1A1		SSX2	DEFB103B								VCX3A	DNMT3L	LHX3									HIST1H2BI														
AKR1B1	CSRNP1	A2ML1	CSRP2	TCEAL2		CD36	FLRT3	ITGA11	CCL15-CCL14	DHCR7			ADAM8	TMEM163	CD302	CCDC19	PRM1	MYBL2	CLDN6		MUC19	HIST1H2AD	COL4A3	KYNU	TACC1	HIST1H4F	CNTNAP5	KIAA1324L	RP11-685N3.1	ANXA3	KIAA1324	FAIM2		HLA-DQA1	TJP3	EGFL7	GALR1	CXorf48			SPAG4	CPLX3	GRIK1	SLC38A5	ADH4			ADRB2	DUSP13	APOF		TNXB	LBP	SLC22A31	SULT2A1	MGLL	CCDC58		RCN3	OBP2A	C19orf33	TSPAN19		INHA	CSF3R		TPRG1		ATP10A	IGSF9	MATN2		SSTR1			RNASE4	HHLA2	RP11-664D7.4	UCN3	TFDP1	PRSS1	LYPD2						C9orf135	LEFTY1	DEFA1B		ASCL3	NPB				SELV	CLCA1			DIO2	HOXC11	SUSD4	KRT85	SOX15	SPRR2B					SPIC	MYL1	SMCP			TEKT2	KRT2				WNT5A	H2AFB2	LHX9		PSG4	CSRP3	UGT2A1	FLG2		CCL3	DPEP2			NKX6-2					TUBA3C	FAM25G								NKX2-3	GH2	SLC7A14									HIST1H3I														
FURIN	MS4A7	CPA4	SULF2	RSPO4		LIMS2	ARHGAP44	MB	C2orf40	TMEM14A			CCL20	FMO5	FAXDC2	DEGS2		RECQL4	UMODL1		CLPS	HIST1H2BE	BMP5	FOSL1	METTL7A	HIST1H1A		PTPN13	VGF	NEDD9	SCIN	CD207		ICAM1	TMEM45B	NDRG2		PAGE1			KCNN4	NKX6-3	DLGAP2	COL12A1				PIP5K1B	EFNA2	PRODH2		LPL		NKX2-1		DRAM1	UCHL1		C15orf48	HOXC4	HLA-DQB1	AKAP14		C19orf77	C1orf162		CDH13		CCDC68	CKMT1A	NDRG4		PI16			TLE2	SCGB2A1	SLC46A2	GOLGA7B	MEST	OLFM4	VIT						FAM92B	TAS1R1	GSG1		PPY	NLRP7				GHRH	GIF			NPW	CRYBA2	ESPN	BEST2	NTS	SLURP1					HSD3B2	DCD				LRRC10B	KRT24				CA12	KCNJ6	HAND1		NGB	SMIM18	PRB4	PYDC2		SFRP4	CFP			SLC2A2					RPL10L	LCE1A								RP11-817J15.3	TAAR1																								
HIST1H1C	AKAP2	AMTN	ACKR3	BMPER		CDH5	GPRIN2	TUBB2B	SCN7A	TPD52L1			DCBLD2	ACSM3	PLEKHB1	DNAAF3		TPX2	SLC7A10		SYNPR	HIST2H3D	SLC4A4	SLC1A3	FXYD6	AC079354.2		B3GNT8	C4orf26	CYBRD1	PCP4L1	NPTX1		CYR61	SMPDL3B	C10orf54		UGT3A1			GSDMB	OR51E2	FRMD1	LILRB4				ADTRP	AF165138.7	AFM		DES		CAPN8		GGT1	TMEM132A		HIST1H2BD	CALCB	SLC9A3R2	DNAI2		PGAM2	HP		SOX7		ICAM4	WNK2	CITED4		RSPO2			GEM	DAW1	AMY1B	SLC13A2	GSR	ANXA10	KRT79						CCDC42B	HFE2			SLC22A2	DEFB4B				HDGFL1				FTCD	FGF19	RAB6B	RTP1	HR	CRNN										DYDC2	CIDEA				FBXO27	ERAS			PSG5					MOXD1	MT1A			MUC17														STARD6	KRTAP3-3																								
MIEN1	KCTD12	LOR	IRF6	ARC		SDPR	MACROD2	SLC29A4	ADAMTS8	ATF5			SEZ6L2	SLC6A14	RND1	FAM3D		CCNB2	MYBPH		SCGB2A2	WNT16	TDRD10	SAA2	NFIX	AL359693.1		IRX2	GUCA1A	RAMP2	SYT8	NMNAT2		MT1E	CLIC6	ATF3		SLC7A3			CEACAM1	FGF21	ADAMTS19	ZC3H12A				IGSF10	ZPLD1			HIGD1B		LMO3		ITGB6	TSKU		COL5A2	TAC3	AK1	C6orf118		RET	GIMAP5		BAALC		MUC15	ALDH3B2	SNCA		ALPP			ATP2A3	PIP	SERPIND1	AMY2A	UGDH	ARL14	LY6G6D						DNAH12					GPR128								KHDC1L	TEX19	RGMA	PRH1	CXCL6	PRKAG3										PACRG					DKK1	FMR1NB			MMP20					CXCL9	SIRPB1			IQCF3														NR5A1	SPAG11A																								
CHI3L1	CD93	PNLIPRP3	ABCC1	MAPK4		CLIC3	FAM184A	SCG5	KCNK3	ASNS			QPRT	ABCC6	FAM105A	LRRC46		TROAP	IL17C		AC012215.1	HIST1H3C	CA3	TNFRSF6B	PLAC8	SBP1		CAPN3	CDK5R2	ESAM	POU2F3	LY6H		CCL18	RGL3	MYLK		NPPB			QPCT	OLFM3	ELAVL3	MT1G				CD101	MYPN			EMCN		RORC		CPM	GCLC		MMP9	GNRH2	SOCS3	C1orf87		SLC39A5	GIMAP4		COLCA1		SPTLC3	PAX9	HCAR2		SFRP5			PCDH1	DIO1	SLC5A8	P2RX3	BASP1	CGB5	SOX10						C6													HIST1H2BL	PTH	HIST3H2A	KRTAP11-1	NSG1	LELP1										DNAH9					SPINK5	SSX5			PSG9					LTB	CLEC12A																	TMEM114																									
ERBB2	IL7R		ABCC5	ODAM		CLEC14A	ESYT3	LYPD1	KIAA0408	CDK5RAP2			CIT	GOLT1A	DNALI1	FAM154B		CDKN3	CEA		LGALS14	HIST1H3A	SHISA3	DEFB1	MYH10			PLA2G4F	TAF7L	TENC1	ACE2	ALB		RARRES3	FAM3B	MAOA		NAA11			ENO3	KRTAP3-2	RFX4	ASPN				DNASE1L3				CPAMD8		AMY1C		CFI	SLC7A5		CDH3	ZMAT4	ENG	DCDC2B		BCAN	SLCO2B1		PLCXD2		HPGDS	VTCN1	COL4A5		HBG2			OPN3	AMY1A	ASB11		CUL4A		HS3ST4						HHATL													SOHLH2		BCL11A		CEL											WDR16					LAMA1	RHOXF2			CST11					PTPRCAP	TMEM150B																																										
STARD3	CAMK2N1		PHGDH	APOA1		ABI3BP	SCNN1G	ATP6V1C2	ZBTB16	TRIM16			GALNT6	PLA2G10	KDR	DNAAF1		CDCA3	AC009065.1		RHAG	KCTD4	MYOZ1	IL1R2	HBEGF			RNF128	AC142381.1	ELN	HRASLS2	FAM129C		CCL2	VSTM2L	ODF3B		FOXG1			ADAM28	MYF6	LGI1	DUSP2				KRT4				EDNRB		ORM1		ATP11A	PLOD2		MDFI	ALX3	THBS1	CYP2F1		NPC1L1	SLC7A7		PRSS12		CCL17	RBBP8NL	LYNX1		HPR			EFCAB4A				PIM2		GKN1						CDC20B													FOXH1		SLC4A11		KRT23											CCDC37					TG	PSG1								EPSTI1	LILRA2																																										
CTSK	PKDCC		B3GNT5	HPD		S1PR1	AC008948.1	SBK1	MUSTN1	MCCC1			PLA2G4A	ARSE	SORBS2	C9orf117		FAM83D	AC110615.1		HSD3B1	RNF113B	GGTLC3	TM4SF19	SOCS2			SLC47A1	PLA2G2F	CFD	AP001579.1	APOC4-APOC2		HLA-DMB	CCNJL	CX3CL1		C8orf22			HES6	AL590235.1	GABRA4	ALDH1A3				SCN4B				CHRDL1		SLC22A3		RHOBTB2	THBS2		FBXO32	CDX2	SLC15A3	CATSPERD		AL049829.1	SLCO2A1		NPR3		TMEM130	THEM5	ARHGEF4		GLP2R			VWA5A				ANKH		EPHA5						AQP2													RBM46		LYPD6B		SERPINB2											CYP2A6					DEFB4A	GAGE10								CD3D	PTX3																																										
DNTTIP1	KLF9		JAG1	CYP1A1		FMO2	ELF5	CCNO	OGN	ABCB6			FBXO2	CHRDL2	GPR133	CCDC114		ECE2				AC016559.1	MSMP	ZG16B	ADAMTS1			HLF	LHX1	VWF		SCN3A		C10orf10	KCNK5	CARD16		NRSN1			HIST1H2BC		CARTPT	ANO1				VGLL1				NPR1		PCDP1		ST3GAL5	HILPDA		PDLIM4	SPDYC	LCP1	CACNG6		KRTAP1-1	MS4A4A		LRRC4		EREG	CEACAM7	EPHB6		KIR2DL1			AMIGO2				RDH10																							PLCH2		ZNF812											C6orf58														GZMB	GLDN																																										
MX1	KLF2		A4GALT	CDH16		DARC	MUM1L1	CYP27B1	LRRC36	B4GALT4			CDA	KIF12	NOSTRIN	GRP		AK4				AC092291.2	TDGF1	GTSF1	CA2			SHISA2	FGF5	ECSCR		LRRC55		ITGB2	GPR110	SDC2		LIX1			SLC17A9		PRM2	INHBA				UTS2B				LYVE1		SLC26A9		AHCYL2	TYMS		ANGPTL4	CA6	TFPI	C1orf189			SELPLG		BCHE		BRINP1		PRSS21		NMRK2			LPIN2				SLC7A8																							FAM132A		MUCL1											ODF1														FAM26F	FPR2																																										
CPE	ZEB2		ATP11B	SERPINA9		IL33		SMKR1	GPD1	HSF4			DUSP4	TMED6	LIFR	DLEC1		ANLN					AC018867.2	SLC22A1	LEPREL1			AC117834.1	NAT16	GYPC		MEP1A		GADD45B	MACC1	LMCD1		TUBA3E			CAPN12		DEFB123	IL1B				CPA1				TBX4				PARM1	EGLN3		STEAP1	ANKRD33	CCND1				EVI2B		SEMA6D		PGA4		NELL2		PNLIP			CDKN1C				DDHD2																							COL9A3		NIPAL4																									GZMA	DCSTAMP																																										
TACC2	SPNS2		JAG2	A4GNT		GNG11		VPREB3	FHL5	PIR			NEFH	GAS2	ENPP4	ABHD12B		APOBEC3B						SPINK6	CDKN2B			RP11-603J24.9	RP11-389E17.1	TNS1		ASIC2		AIF1	METTL7B	TNFAIP3		CLEC2A			CAPN5			STC1				DPEP3				PRX				DDAH1	RPL39L		PROM2	NXPH1	CITED2				NTN4		C15orf59				NRG1		SYCN			ANG				ERLIN2																							RUNDC3A		FBN2																									SLAMF7	CCL24																																										
OAS1	SPRY4		SPHK1	CYP2A7		COLEC12		ABCA4	PRG4	GSTM4				ZCCHC12	KIT	RHOXF1		MFI2						AC025262.1	SRPX				SLC35F4	MYH11		P2RY4		CCL21	FCGBP	CD40		SVOP			COL9A2			ADAMTS4				CTRB1				SGCA				RPS6KA2	GGH		PTGES	PCDH8	PLIN2				FGR		WNT11				EIF1AY		REG3G			EMB				C12orf75																							COL11A2		PSORS1C2																									VCAM1	GPER1																																										
PLAT	WISP2		KREMEN1			TIE1		CST2	SEC14L6	GOLGA8A				UGT2B7	ATP8A1			CDCA8						NTSR1	TSPAN18					ICAM2		BRINP2		DUSP6	C5AR2	KLF4		MYT1L			COMP			MFAP5				PROK1				RBP4				CREB3L1	GCLM		LOXL2	AIRE	KLF6				CCDC69		LGR6				DDX3Y		INS			MGAT4A				CCDC91																							KCNE2		PNLDC1																									CD7	PKHD1L1																																										
ATHL1	NOTCH4		TCTEX1D2			COX4I2		NPTX2	ANGPTL1	PRSS22				PYY	ERP27			ARNTL2							ARHGEF26					FBLN5		MAGEC3		CD53	TMEM27	RCAN1		NCAN			PKIB			SEMA3A								SLC1A1				NINJ2	SERPINE2		SRPX2	OTOS	ID2				AMICA1		SFRP1				CALB2		CTAGE15			NR2F1				DCUN1D1																							UPK2		PRH2																									GBP5	SELE																																										
BACE2	GJA5		ARL4D			LDB2		C2orf82	COL6A6	KRT10				AP001350.1	SLAIN1			GALNT14							EGR2					COX7A1		POU4F3		FCGR3A	AL022328.1	PLK2		FAM9C			RTN4RL2			CD70								ITIH5				SCNN1B	CENPW		FAP	INSRR	F3				APOC2		NOS2				DUOX2					GADD45G				CHIC2																							TPO																											CD2	RELN																																										
SC5D	KIAA1462		IGF2BP2			HSPB6		PRSS50	SCARA5	SLC39A14					AL163636.6			CDC45							FAM134B					SOD3		WNT1		GMFG		IGFBP6		ATCAY			CLDN10			RP11-47I22.3								TEK				SDR16C5	AHNAK2		MXRA5	PRSS56	HSD17B11				C5AR1		PRPH				POMC					KHDRBS3				CMBL																																																		COL15A1	HAS1																																										
HIST1H2AC	CIITA		FRMD6			FXYD1		KRT86	SLC14A1	TRIB3					SHE			CTSV							IGF2					SLC11A1		IGSF23		SLC40A1		MAFF		CACNG7			HIST2H2BF			L1CAM								MYZAP				DAPK1	RAC3		PMAIP1	DPPA5	FCGR2A				HLA-DOA		SPSB4				KDM5D					FAM69B				MRPS17																																																		NT5E	CLC																																										
IKBKB	CELF2		KCTD1			SH2D3C		CKM	RERGL	TRIT1					TMEM108			LY6K							AC026703.1					GLIPR2		C8orf87		CD97		THBD		NTSR2			SLC16A14			FAM43B								KANK3				FAM174B	DSC2		STX1A	FRG2B	GLRX				PILRA		ST6GAL2				KLK1					TRNP1				PRKX																																																		CD27	SYCE1																																										
SPON2	ARHGAP29		ADA			DAPK2		BTBD16	HSD17B13	YEATS4					SLC7A2			CCNE1							PVALB					SH3BP5		NXPE1		IFT57		PROCR		MRGPRD			KCNE4											ITGA8				EPDR1	HIST2H4A		KRT80	MEP1B	MYO15B				GIMAP7		CELA3B				ALDH8A1					NOS3				SESN3																																																		LIF	ENPP6																																										
POLB	RASSF2		PLD1			PLAC9		NOX5	ELANE	KIFC2					STK33			ADAMDEC1												SULT1A1				PKIG		C1QTNF1		C14orf23			PCSK1N											FAM162B				EVA1A	RMI2		HIST1H4J	KLK15	PLA2G16				CPA3						KLK5					FAM46C				ROBO1																																																		S100B																																											
ASPSCR1	MEF2C		NRARP			ROBO4		ST18	KRT222	CBS					TNFRSF10C			SLC7A11												LRRC32				CD163		SERTAD1		CLVS2			TF											IL1RL1				RAP1GAP	PSPH		PLEK2		NCOA7				HLA-DQB2						MYL2					MAPK15				ZNF703																																																		CD79B																																											
ZFAND2A	PRF1		FST			FGFR4		SUN3	CELA2A	ME1					PLA1A			COCH												PTPRM				LSP1		CDC42EP5		HMX3			SCXA											HSPB7				GPD1L	SLC16A1		TNNT1		SLC2A3				RRAD						GDF6					TNFRSF19				KCNE3																																																		CCL4L2																																											
NREP	NR4A2		MSC			HYAL1		AP000349.1	TNMD	NMB					RGN			IL23A												C11orf96				HMOX1		PCDHGC3		GAD2			ANKRD36C											PGM5				PHYHD1	PGF		KIAA1199		RAB11FIP1				SLA						MANSC4					BMP4				LTB4R																																																		MEDAG																																											
PCID2	WWC2		FAM84A			FRY		RASGEF1C	KLK3	SLC12A8					C5			MT1H												CD34				TRIM22		ITPRIP		DCX			LCN12											NR4A3				SLC16A5	POU2AF1		PODNL1		CCL5				MNDA											CEP112				MAP1B																																																		CD8B																																											
IER5	AKAP12		STC2			KAL1		GDPD4	GYPA	GRTP1					GNA14			FAM132B												ACVRL1				TNFSF13		CLEC2B		SNTG1			HIST1H2BN											MMRN1				B3GNT7	C16orf74		FNDC4		SAMHD1				DOK2											VILL				MYB																																																		LIPG																																											
WHSC1L1	FZD4		SERPINI1			PID1		RP11-77K12.1	PNLIPRP1	CBR3					TMPRSS3			PRSS3												DENND3				SPI1		ELMO1		RHOXF2B			DPEP1											FAM167A				SNX25	HIST2H4B		SDS		SIK1				FPR1											MFSD4				VGLL2																																																		F5																																											
TMCO3	APOLD1		COL27A1			SMAD6			C20orf166	CHST2					PHACTR3			C1orf61												HSPB8				CD37		LRRC23		KRTAP1-3			BAI1											FCER1A				ECHDC3	PIGY		CPXM1		TRIB1				MFNG											SNED1																																																						CXCL11																																											
RRAS2	SLC16A4		MYCL			ERG			DEFB119	HIST1H4H					C2CD4B			RP11-599B13.6												CXCL12				LST1		ALS2CL		ADAD1			CDH2											FILIP1				ATP2C2	ERVMER34-1		C7orf10		ETS1				IGSF6											EFHD1																																																						VNN1																																											
ECM1	FAM65B		EYA2			STX11				GSTM1					ABCC8			AC006538.4												ACE				GPSM3		DNAJB4		KRT25			CHRNA1											EFCC1				SGMS2	RP11-598P20.5		AIM2		SYNPO				NCKAP1L											SCUBE2																																																						TCL1A																																											
COL16A1	PTGIS		NRCAM			PTPRB				VSIG10L					NPPA			KRTAP1-5												LPHN2				TNFSF12		ANKRD37					PLGLB2											STAC				ARMC9	GNRHR		FNDC1		CDH11				ITGAL											NLRP2																																																						LAIR2																																											
ASH2L	LILRA5		COLCA2			RAI2				HIST4H4					MARCH4															FERMT2				FKBP5		FAM229B					BHMT											CACNG4				SNTB1			C6orf141		CECR1				HLA-DQA2											RNF212																																																						GPR15																																											
FBN1	BEX5		CRISPLD1			GPR146				SCG2																				ACTG2				THEMIS2		APCDD1					CALHM3											CCBE1				LIPH			EDN2		RGS5				HK3											S100A1																																																						KEL																																											
PREP	CLDN11		NGFR			LMOD1																								PPP1R14A				LTBP2		TCF7L1					CTD-2545G14.7											CTSG				KCNQ1			SLC16A9		NCF2				DOCK2											THBS4																																																																																																	
GRB7	CYP3A5		DHRS2			SLIT2																								PRELP				G0S2		EGFL6					IQCF1											CDO1				SERPINF2			FMO1		PLBD1				C10orf128											NTNG2																																																																																																	
EGFR	CXCL5		RPRM			BMP2																								PROS1				HCST		RNF144B																VTN				SYBU			KLHDC7B		SIRPA				IRF8											HPX																																																																																																	
RELB	SLC26A4		HAPLN1			CYYR1																								HEG1				FSTL3		PDGFB																CPB1				PDE4C			WT1		XAF1				GIMAP6											MTMR7																																																																																																	
PGAP3			AC104534.3			FGD5																								ADAMTSL4				OLFML3		CCND2																CTRB2							KLK4		COL8A1				LY86											MYH7B																																																																																																	
RARRES1			AQPEP			SLIT3																								ITM2A				LCP2		FGGY																CYP11B1							TH		TRPV2				DOCK8											MTRNR2L2																																																																																																	
MARCH9			AC040977.1			JAM2																								TMEM204				LAIR1		CCDC3																MS4A12							AL117190.2		CYBB				ITGAM											C1QTNF9B																																																																																																	
MET						MAL																								CNN1				PDLIM3		SULT2B1																							PGA5		NFKBIZ				BTK																																																																																																												
DNAJA4						FOXF1																								TBX2				HCK		SLCO4A1																									IFIT3				CD69																																																																																																												
ZNF710						ABLIM3																								DPT				APOL3		PTPLA																									ITGAX				FGF7																																																																																																												
DUSP5						GIMAP8																								GRK5				ACSL4		FMO3																									PODN				CTSW																																																																																																												
RIMKLB						SORBS1																								MMP19				CPVL		AOAH																									PEG10				SCARF1																																																																																																												
HIST2H2BE						PTPN21																								CD83				ENPP2		HSPA2																									KIAA0040				CXCL3																																																																																																												
MT1F						MYRF																								CALCRL				PTPRC		RBP7																									GBP4				CSF2RB																																																																																																												
FAM118A						CGNL1																								MARC2				TIPARP		CD200																									RHOF				CD300LF																																																																																																												
RAB3IP						ARHGAP31																								NEBL				SECTM1		TMEM231																									BIRC3				LILRA6																																																																																																												
A1BG						ARHGEF15																								EPB41L3				UNC13D		LRMP																									RGS16				SIGLEC1																																																																																																												
PRRX1						SELP																								EDN1				LAMA4		DHRS9																									PTPRE				APOBR																																																																																																												
STMN3						WFDC1																								ZNF331				FCGR1A		CYP4X1																									MYO1F				AQP9																																																																																																												
LRIG3						LEPR																								IL6				AREG		CSPG4																									CYFIP2				CCRL2																																																																																																												
ORAOV1						FIBIN																								APBB1				PODXL		GATA3																									AXL				TLR4																																																																																																												
C6orf203						PHACTR1																								GRASP				CSF1		PAX8																									KDM6B				CLEC4E																																																																																																												
PCCA						GATA6																								LMO2				CD48		HSD17B2																									DPYD				FCGR1B																																																																																																												
SDCBP2						PDZD2																								NES				NKG7		LUZP6																									PDGFRA				PLA2G2A																																																																																																												
MCF2L						TMEM88																								FLI1				FOLR2		NNAT																									ASRGL1				VNN2																																																																																																												
AP3M2						TRPC6																								SECISBP2L				GSTT1		PTCH2																									CYP1B1				FCGR3B																																																																																																												
AMACR						ANGPT1																								SEPT4				TREM2		ACTA1																									EDIL3				HGF																																																																																																												
OLFM2						SEMA3G																								PPARG				BCL2A1																											IL6R				PLN																																																																																																												
ERV3-1						HIF3A																								ANKRD29				GNLY																											RASGEF1B				CD22																																																																																																												
LOX						MATN3																								ETV1				FILIP1L																											BCAT1				GPR171																																																																																																												
AIM1						TNNI2																								RASL11A				PLCB2																											IFI44L				LGALS2																																																																																																												
IQCG						SHROOM4																								C1orf115				KCNAB2																											RSAD2				HLA-G																																																																																																												
ZNF322						CLEC1A																								JAM3				PLEK																											IGF1				RSPO3																																																																																																												
BAMBI						AATK																								MMRN2				LPXN																											PADI2				TNIP3																																																																																																												
SMOC2						GSTM5																								MSRB3				CCL4																											SYS1-DBNDD2				ASGR2																																																																																																												
PRR4						SYNPO2																								MAOB				SLC31A2																															GHRL																																																																																																												
HSPA6						MAP6																								GJA4				MAN1A1																															FCER2																																																																																																												
DCUN1D2						AOX1																								PALM				SLFN11																															SLC22A16																																																																																																												
NAMPTL						ALDH1A2																								NCALD				CST7																															PGA3																																																																																																												
TPCN2						SEMA5A																								ID4				INPP5D																															DPPA4																																																																																																												
FOXQ1						NKD1																								DOCK4				CD3E																															AL158147.2																																																																																																												
CPXM2						DIRAS3																								RASIP1				FABP3																																																																																																																																											
ESM1						RYR2																								GAB2				TMEM119																																																																																																																																											
ZFAT						ADCYAP1																								TOX2				FAS																																																																																																																																											
C1QTNF3						PRND																								MAP2				CLIC2																																																																																																																																											
INHBB						MSTN																								HMCN1				IFIT1																																																																																																																																											
APLP1						LIPF																								PALMD				ANPEP																																																																																																																																											
HOXB2						C20ORF135																								RCAN2				IL10RA																																																																																																																																											
SAP25																														GATA2				VASN																																																																																																																																											
APOM																														RASGRP2				LAT2																																																																																																																																											
ATP6V1B1																														RASL12				AKNA																																																																																																																																											
CUZD1																														LAMC3				CHIT1																																																																																																																																											
																														NTM				SASH3																																																																																																																																											
																														VMO1				PTGS2																																																																																																																																											
																														ADCY4				TLR2																																																																																																																																											
																														BCL6B				F13A1																																																																																																																																											
																														TGFB2				CYTIP																																																																																																																																											
																														APLN				SH3TC1																																																																																																																																											
																														OSR1				MLKL																																																																																																																																											
																														ZDHHC11B				GPR183																																																																																																																																											
																														BMP6				C3AR1																																																																																																																																											
																														SCHIP1				NCF1																																																																																																																																											
																														FLNC				ITGA1																																																																																																																																											
																														CDH6				MYO1G																																																																																																																																											
																														NOTUM				SAMSN1																																																																																																																																											
																																		CCL13																																																																																																																																											
																																		SELL																																																																																																																																											
																																		FGL2																																																																																																																																											
																																		TBC1D10C																																																																																																																																											
																																		HSD11B1																																																																																																																																											
																																		BHLHE41																																																																																																																																											
																																		CH25H																																																																																																																																											
																																		FAIM3																																																																																																																																											
																																		COL14A1																																																																																																																																											
																																		CD274																																																																																																																																											
																																		OASL																																																																																																																																											
																																		CMPK2																																																																																																																																											
																																		CLEC4A																																																																																																																																											
																																		CCL4L1																																																																																																																																											
																																		BATF2																																																																																																																																											
																																		GZMH																																																																																																																																											
																																		SPOCD1																																																																																																																																											
																																		CXCR6																																																																																																																																											
																																		IL13RA2																																																																																																																																											
																																		KCNE1L																																																																																																																																											
